"","SDZ","age_rank","edu_rank","disab_rank","children_rank","housing_rank","income_rank","final_BII_RANK","rank_sum","final_BDDI_RANK"
"1","N21000001",542,218,535,214,135,272,760,2676,306
"2","N21000002",576,133,23,503,200,255,283,1973,103
"3","N21000003",201,413,839,158,500,329,765,3205,497
"4","N21000004",696,605,724,675,562,253,718,4233,787
"5","N21000005",141,241,307,95,243,88,644,1759,77
"6","N21000006",237,171,513,44,60,208,684,1917,97
"7","N21000007",17,583,586,16,734,400,33,2369,216
"8","N21000008",86,128,403,177,107,393,312,1606,55
"9","N21000009",447,332,607,312,206,51,122,2077,127
"10","N21000010",220,562,269,114,532,239,322,2258,178
"11","N21000011",219,813,612,455,762,261,14,3136,472
"12","N21000012",438,746,761,542,647,517,349,4000,745
"13","N21000013",716,666,264,792,609,107,498,3652,663
"14","N21000014",187,771,550,270,730,455,194,3157,481
"15","N21000015",785,386,458,648,61,367,261,2966,406
"16","N21000016",306,805,817,488,761,486,459,4122,767
"17","N21000017",104,197,194,101,82,164,428,1270,22
"18","N21000018",735,614,388,807,551,114,552,3761,692
"19","N21000019",292,247,113,343,233,233,540,2001,111
"20","N21000020",260,300,655,178,424,383,379,2579,275
"21","N21000021",618,782,843,684,727,322,440,4416,812
"22","N21000022",276,321,49,364,279,132,184,1605,54
"23","N21000023",541,298,223,388,115,44,155,1764,78
"24","N21000024",588,202,79,358,134,144,687,2192,153
"25","N21000025",653,299,331,685,439,104,769,3280,519
"26","N21000026",602,162,234,336,1,68,792,2195,154
"27","N21000027",357,586,654,419,662,252,685,3615,652
"28","N21000028",805,365,83,781,248,135,512,2929,395
"29","N21000029",126,57,77,27,27,33,113,460,1
"30","N21000030",781,351,442,766,215,82,492,3129,469
"31","N21000031",666,28,205,345,6,31,457,1738,72
"32","N21000032",426,789,645,342,729,122,445,3498,608
"33","N21000033",562,21,690,266,2,12,716,2269,181
"34","N21000034",668,429,82,360,54,81,352,2026,115
"35","N21000035",153,836,696,325,817,528,156,3511,615
"36","N21000036",322,560,321,436,522,459,165,2785,348
"37","N21000037",446,154,148,294,102,73,197,1414,34
"38","N21000038",553,156,394,659,571,195,465,2993,421
"39","N21000039",413,569,347,467,311,313,38,2458,245
"40","N21000040",205,803,352,105,678,358,83,2584,276
"41","N21000041",497,615,782,543,597,428,71,3533,623
"42","N21000042",273,816,705,223,737,734,44,3532,622
"43","N21000043",324,825,625,762,810,714,64,4124,768
"44","N21000044",828,313,390,827,614,338,192,3502,611
"45","N21000045",408,646,666,566,651,596,89,3622,655
"46","N21000046",570,760,729,779,776,676,237,4527,824
"47","N21000047",325,783,527,104,797,421,303,3260,514
"48","N21000048",434,641,492,304,714,339,304,3228,500
"49","N21000049",848,499,286,816,247,40,432,3168,485
"50","N21000050",317,99,102,180,3,21,328,1050,12
"51","N21000051",537,474,161,440,144,74,573,2403,229
"52","N21000052",521,664,601,552,607,165,88,3198,492
"53","N21000053",745,390,562,677,116,35,354,2879,372
"54","N21000054",747,326,71,560,117,194,93,2108,131
"55","N21000055",712,623,828,720,685,268,134,3970,739
"56","N21000056",410,288,204,261,31,79,188,1461,38
"57","N21000057",669,180,270,534,150,56,342,2201,156
"58","N21000058",79,262,412,146,65,113,389,1466,39
"59","N21000059",829,118,844,736,176,86,244,3033,442
"60","N21000060",495,177,847,484,166,173,563,2905,388
"61","N21000061",635,199,40,351,104,187,597,2113,133
"62","N21000062",55,149,206,21,219,97,388,1135,19
"63","N21000063",4,50,129,6,33,90,419,731,5
"64","N21000064",143,134,366,259,32,121,794,1849,90
"65","N21000065",470,244,292,346,69,327,797,2545,261
"66","N21000066",132,501,647,68,574,176,747,2845,361
"67","N21000067",139,462,166,212,345,211,581,2116,135
"68","N21000068",613,460,357,316,276,628,743,3393,565
"69","N21000069",656,104,742,328,230,666,615,3341,541
"70","N21000070",522,690,514,510,630,645,421,3932,727
"71","N21000071",278,667,808,139,565,746,441,3644,662
"72","N21000072",365,409,452,144,414,584,630,2998,424
"73","N21000073",346,790,746,750,752,784,569,4737,838
"74","N21000074",373,357,193,54,234,532,527,2270,182
"75","N21000075",280,229,637,198,402,197,474,2417,235
"76","N21000076",350,375,243,159,119,440,683,2369,217
"77","N21000077",364,325,551,200,132,767,665,3004,427
"78","N21000078",344,651,592,344,560,834,372,3697,681
"79","N21000079",266,464,500,119,363,343,783,2838,358
"80","N21000080",548,343,578,302,108,424,710,3013,432
"81","N21000081",250,494,114,48,323,347,340,1916,96
"82","N21000082",179,839,693,239,754,644,190,3538,624
"83","N21000083",73,754,558,338,613,772,144,3252,509
"84","N21000084",358,657,107,811,617,799,272,3621,654
"85","N21000085",457,827,549,576,759,705,305,4178,776
"86","N21000086",801,551,711,680,517,251,392,3903,722
"87","N21000087",376,358,447,320,305,477,763,3046,444
"88","N21000088",70,748,98,145,625,702,301,2689,312
"89","N21000089",117,730,468,619,516,818,174,3442,587
"90","N21000090",700,630,139,495,388,690,256,3298,528
"91","N21000091",749,703,117,520,581,531,399,3600,645
"92","N21000092",69,353,443,78,256,544,308,2051,120
"93","N21000093",623,402,182,367,66,497,570,2707,320
"94","N21000094",240,280,436,137,130,209,720,2152,147
"95","N21000095",209,362,324,174,184,162,700,2115,134
"96","N21000096",257,537,86,173,475,466,402,2396,225
"97","N21000097",125,725,701,116,679,627,47,3020,436
"98","N21000098",159,828,791,132,783,660,84,3437,586
"99","N21000099",20,148,138,17,46,305,380,1054,14
"100","N21000100",29,566,350,9,133,590,319,1996,107
"101","N21000101",525,164,314,427,254,259,183,2126,140
"102","N21000102",124,217,522,64,231,213,202,1573,49
"103","N21000103",733,699,664,721,611,513,224,4165,772
"104","N21000104",450,400,164,456,267,102,418,2257,177
"105","N21000105",458,188,155,102,22,127,293,1345,27
"106","N21000106",555,150,131,410,17,115,367,1745,74
"107","N21000107",170,264,368,106,278,167,600,1953,100
"108","N21000108",385,226,39,196,158,287,425,1716,70
"109","N21000109",312,72,127,330,10,112,159,1122,18
"110","N21000110",53,286,429,8,62,427,326,1591,51
"111","N21000111",282,819,676,486,619,646,528,4056,757
"112","N21000112",138,593,329,297,307,472,554,2690,313
"113","N21000113",535,757,682,804,641,822,507,4748,840
"114","N21000114",121,163,29,81,354,377,274,1399,32
"115","N21000115",377,317,381,371,350,120,249,2165,151
"116","N21000116",287,717,455,652,634,715,255,3715,686
"117","N21000117",795,823,767,805,793,514,263,4760,841
"118","N21000118",34,505,418,10,239,345,253,1804,85
"119","N21000119",463,521,372,326,430,397,277,2786,349
"120","N21000120",347,766,398,400,675,840,236,3662,666
"121","N21000121",285,712,462,280,652,368,247,3006,428
"122","N21000122",760,479,144,556,103,133,81,2256,175
"123","N21000123",355,658,211,309,455,341,219,2548,266
"124","N21000124",371,211,60,315,291,276,502,2026,116
"125","N21000125",272,123,132,168,191,241,593,1720,71
"126","N21000126",709,222,265,553,203,217,504,2673,305
"127","N21000127",140,152,178,293,317,474,805,2359,213
"128","N21000128",72,293,532,113,454,318,625,2407,231
"129","N21000129",374,508,699,402,594,291,671,3539,626
"130","N21000130",399,212,118,335,212,279,499,2054,121
"131","N21000131",253,145,103,130,190,182,574,1577,50
"132","N21000132",597,256,537,365,101,352,652,2860,364
"133","N21000133",587,207,267,359,140,376,673,2609,287
"134","N21000134",87,228,528,84,330,570,691,2518,257
"135","N21000135",414,341,217,150,244,589,714,2669,302
"136","N21000136",229,290,73,126,385,384,618,2105,130
"137","N21000137",301,659,224,409,569,489,655,3306,532
"138","N21000138",569,135,20,391,126,263,551,2055,122
"139","N21000139",546,733,595,547,708,394,295,3818,704
"140","N21000140",539,678,813,742,578,585,557,4492,818
"141","N21000141",600,308,238,482,334,447,660,3069,450
"142","N21000142",667,780,475,771,772,289,580,4334,800
"143","N21000143",122,397,176,120,5,465,310,1595,52
"144","N21000144",387,235,75,281,174,183,403,1738,73
"145","N21000145",533,125,237,298,41,218,567,2019,114
"146","N21000146",554,315,195,268,122,587,772,2813,352
"147","N21000147",249,368,683,190,374,583,755,3202,494
"148","N21000148",295,364,499,197,339,652,702,3048,445
"149","N21000149",596,633,540,389,572,623,110,3463,599
"150","N21000150",281,428,116,221,222,301,553,2122,137
"151","N21000151",584,419,834,521,380,143,6,2887,379
"152","N21000152",321,450,589,129,250,580,233,2552,270
"153","N21000153",566,412,5,262,192,374,559,2370,218
"154","N21000154",763,363,172,474,173,283,704,2932,397
"155","N21000155",443,724,186,504,561,677,140,3235,505
"156","N21000156",252,232,297,209,139,340,544,2013,112
"157","N21000157",430,414,496,206,444,751,712,3453,594
"158","N21000158",293,563,707,186,539,750,601,3639,659
"159","N21000159",349,405,488,98,217,689,750,2996,423
"160","N21000160",267,454,505,71,288,779,711,3075,456
"161","N21000161",48,674,614,22,694,619,201,2872,368
"162","N21000162",191,695,743,217,719,571,168,3304,531
"163","N21000163",360,538,316,616,325,420,112,2687,311
"164","N21000164",24,349,712,20,618,647,240,2610,288
"165","N21000165",313,631,260,517,653,511,135,3020,437
"166","N21000166",648,774,323,624,736,760,54,3919,726
"167","N21000167",361,456,598,600,537,624,74,3250,508
"168","N21000168",82,762,613,193,802,785,133,3370,555
"169","N21000169",68,800,287,166,731,813,211,3076,457
"170","N21000170",203,768,787,331,758,692,9,3548,629
"171","N21000171",83,720,781,428,773,831,46,3662,667
"172","N21000172",75,821,764,111,831,787,213,3602,648
"173","N21000173",391,810,407,438,688,819,142,3695,680
"174","N21000174",149,831,792,232,835,835,204,3878,718
"175","N21000175",94,744,766,465,815,774,34,3692,678
"176","N21000176",290,840,510,797,843,789,334,4403,811
"177","N21000177",421,844,806,664,840,673,151,4399,809
"178","N21000178",305,767,574,712,821,695,75,3949,732
"179","N21000179",311,281,668,565,506,434,381,3146,476
"180","N21000180",248,580,587,441,635,656,210,3357,549
"181","N21000181",451,513,757,676,658,595,404,4054,755
"182","N21000182",660,16,280,310,64,160,128,1618,58
"183","N21000183",503,677,304,697,712,311,538,3742,690
"184","N21000184",691,38,552,471,20,196,118,2086,129
"185","N21000185",375,333,415,369,452,67,35,2046,119
"186","N21000186",658,388,413,575,692,480,325,3531,621
"187","N21000187",583,75,226,476,292,95,154,1901,94
"188","N21000188",397,384,101,799,286,210,149,2326,204
"189","N21000189",393,452,636,531,664,168,28,2872,369
"190","N21000190",744,528,850,730,586,139,278,3855,713
"191","N21000191",485,592,97,745,422,653,296,3290,523
"192","N21000192",1,4,41,840,550,820,231,2487,250
"193","N21000193",180,446,559,780,593,620,423,3601,646
"194","N21000194",106,575,386,279,680,793,171,2990,420
"195","N21000195",303,798,796,645,838,821,230,4431,813
"196","N21000196",64,764,790,284,825,798,117,3642,660
"197","N21000197",557,525,502,806,723,154,561,3828,707
"198","N21000198",21,44,529,791,655,525,314,2879,373
"199","N21000199",642,510,247,760,481,145,76,2861,365
"200","N21000200",134,257,115,726,496,264,281,2273,183
"201","N21000201",108,535,50,623,612,388,436,2752,335
"202","N21000202",298,847,772,500,848,468,433,4166,773
"203","N21000203",362,302,446,822,636,290,166,3024,438
"204","N21000204",135,814,288,234,819,524,181,2995,422
"205","N21000205",33,279,242,655,631,559,200,2599,283
"206","N21000206",151,58,755,539,302,236,107,2148,146
"207","N21000207",28,582,400,636,747,694,61,3148,477
"208","N21000208",265,817,709,593,829,736,17,3966,737
"209","N21000209",129,698,674,669,827,626,77,3700,682
"210","N21000210",90,269,12,824,512,566,62,2335,207
"211","N21000211",520,88,523,654,329,226,130,2470,248
"212","N21000212",85,635,566,700,770,612,115,3483,603
"213","N21000213",54,732,719,662,742,635,173,3717,687
"214","N21000214",50,443,295,759,600,671,158,2976,412
"215","N21000215",177,734,611,592,804,742,169,3829,708
"216","N21000216",337,311,349,733,519,267,58,2574,273
"217","N21000217",22,89,225,786,654,414,22,2212,159
"218","N21000218",43,416,383,746,547,675,30,2840,360
"219","N21000219",637,518,179,608,696,185,486,3309,534
"220","N21000220",614,206,342,574,446,49,234,2465,246
"221","N21000221",806,18,54,491,38,22,454,1883,92
"222","N21000222",672,80,341,497,498,4,147,2239,167
"223","N21000223",724,86,453,740,437,99,137,2676,307
"224","N21000224",652,36,85,422,240,8,209,1652,62
"225","N21000225",779,40,63,701,413,19,60,2075,126
"226","N21000226",302,31,633,709,269,50,45,2039,118
"227","N21000227",581,65,18,747,370,84,476,2341,208
"228","N21000228",697,271,124,670,43,66,55,1926,98
"229","N21000229",224,781,639,489,788,319,427,3667,669
"230","N21000230",798,55,43,635,266,15,186,1998,110
"231","N21000231",688,79,181,445,273,5,346,2017,113
"232","N21000232",439,685,143,631,775,292,100,3065,448
"233","N21000233",551,20,14,274,58,36,106,1059,15
"234","N21000234",460,502,691,442,585,178,285,3143,474
"235","N21000235",394,509,689,617,704,193,248,3354,548
"236","N21000236",186,170,303,729,473,125,357,2343,209
"237","N21000237",423,130,100,525,90,32,50,1350,28
"238","N21000238",78,25,312,777,375,53,259,1879,91
"239","N21000239",169,121,199,813,524,70,359,2255,173
"240","N21000240",639,344,251,732,567,62,101,2696,315
"241","N21000241",682,17,21,240,95,23,462,1540,46
"242","N21000242",722,237,208,784,447,159,148,2705,319
"243","N21000243",340,735,555,754,808,175,3,3370,556
"244","N21000244",491,301,348,314,322,24,153,1953,101
"245","N21000245",342,62,484,818,632,118,471,2927,394
"246","N21000246",568,644,583,448,725,98,7,3073,454
"247","N21000247",547,255,377,439,462,26,48,2154,148
"248","N21000248",326,51,142,340,238,47,40,1184,20
"249","N21000249",244,13,744,494,125,101,413,2134,142
"250","N21000250",664,30,55,609,55,10,37,1460,37
"251","N21000251",11,15,34,782,703,523,243,2311,199
"252","N21000252",403,714,591,773,816,381,511,4189,780
"253","N21000253",16,52,9,826,756,402,461,2522,258
"254","N21000254",59,721,617,374,833,522,488,3614,651
"255","N21000255",37,532,276,741,718,749,31,3084,461
"256","N21000256",157,597,200,803,778,738,178,3451,592
"257","N21000257",95,681,700,658,755,805,257,3951,733
"258","N21000258",3,8,68,847,591,707,8,2232,165
"259","N21000259",5,10,38,850,568,490,463,2424,238
"260","N21000260",14,37,1,838,432,578,362,2262,180
"261","N21000261",12,6,62,848,488,306,96,1818,86
"262","N21000262",10,14,78,836,536,430,510,2414,234
"263","N21000263",221,24,31,789,472,78,361,1976,104
"264","N21000264",6,1,2,849,262,147,116,1383,31
"265","N21000265",15,2,156,846,360,199,59,1637,61
"266","N21000266",88,12,15,830,378,137,343,1803,84
"267","N21000267",61,112,346,769,693,386,150,2517,256
"268","N21000268",45,33,17,841,491,740,426,2593,279
"269","N21000269",32,60,494,785,554,181,193,2299,194
"270","N21000270",100,3,81,716,180,3,212,1295,24
"271","N21000271",227,5,27,403,98,48,139,947,6
"272","N21000272",752,9,4,606,72,30,141,1614,57
"273","N21000273",532,7,84,758,136,42,97,1656,63
"274","N21000274",475,22,236,810,89,6,506,2144,145
"275","N21000275",370,113,641,287,646,83,221,2361,214
"276","N21000276",753,71,318,674,73,14,217,2120,136
"277","N21000277",797,11,184,530,83,13,132,1750,76
"278","N21000278",737,91,369,787,628,87,273,2972,409
"279","N21000279",348,531,616,426,690,551,414,3576,638
"280","N21000280",741,43,643,537,368,20,65,2417,236
"281","N21000281",406,422,663,469,711,191,56,2918,392
"282","N21000282",416,590,675,692,784,110,127,3394,566
"283","N21000283",809,19,487,568,48,38,27,1996,108
"284","N21000284",720,161,67,594,172,45,20,1779,81
"285","N21000285",452,439,658,546,665,129,396,3285,522
"286","N21000286",719,542,803,756,530,124,120,3594,642
"287","N21000287",13,770,821,5,846,449,163,3067,449
"288","N21000288",96,787,751,362,820,556,25,3397,569
"289","N21000289",772,431,575,767,309,277,18,3149,478
"290","N21000290",84,769,809,55,800,637,398,3552,630
"291","N21000291",718,516,405,398,373,224,42,2676,308
"292","N21000292",41,841,685,59,828,732,129,3315,535
"293","N21000293",433,59,227,544,39,103,94,1499,43
"294","N21000294",119,83,59,396,261,106,24,1048,11
"295","N21000295",299,742,788,414,805,438,108,3594,643
"296","N21000296",7,183,593,3,188,220,288,1482,40
"297","N21000297",8,570,695,4,743,467,222,2709,322
"298","N21000298",213,731,579,255,787,708,70,3343,546
"299","N21000299",56,517,190,89,525,722,131,2230,164
"300","N21000300",382,174,137,551,523,359,16,2142,144
"301","N21000301",198,838,784,213,818,378,218,3447,589
"302","N21000302",89,824,820,140,830,540,284,3527,619
"303","N21000303",76,637,197,277,535,600,143,2465,247
"304","N21000304",115,553,649,65,559,126,254,2321,202
"305","N21000305",234,826,771,245,792,602,350,3820,705
"306","N21000306",212,835,800,479,791,342,2,3461,598
"307","N21000307",559,360,646,571,333,138,420,3027,439
"308","N21000308",788,739,823,757,779,269,358,4513,821
"309","N21000309",255,700,733,464,633,274,145,3204,496
"310","N21000310",144,556,840,201,760,349,410,3260,515
"311","N21000311",526,608,714,665,605,328,26,3472,600
"312","N21000312",464,679,330,615,663,453,227,3431,582
"313","N21000313",109,726,553,395,735,395,251,3164,483
"314","N21000314",593,706,228,477,667,380,335,3386,560
"315","N21000315",714,506,298,724,389,200,36,2867,366
"316","N21000316",545,702,506,468,717,452,12,3402,571
"317","N21000317",769,756,530,711,764,825,384,4739,839
"318","N21000318",330,808,774,236,798,560,49,3555,632
"319","N21000319",182,829,653,379,842,837,351,4073,758
"320","N21000320",409,466,150,376,99,230,41,1771,80
"321","N21000321",160,776,753,734,705,838,238,4204,784
"322","N21000322",210,849,734,319,849,810,90,3861,716
"323","N21000323",564,837,547,573,790,832,102,4245,790
"324","N21000324",369,654,37,775,423,755,66,3079,460
"325","N21000325",680,848,721,667,844,780,92,4632,832
"326","N21000326",120,697,564,321,749,325,53,2829,356
"327","N21000327",166,796,702,216,807,829,164,3680,675
"328","N21000328",93,843,681,122,839,790,356,3724,689
"329","N21000329",230,675,747,800,814,769,86,4121,765
"330","N21000330",372,842,672,273,812,796,241,4008,746
"331","N21000331",323,846,576,466,836,721,348,4116,764
"332","N21000332",173,801,802,622,769,641,225,4033,750
"333","N21000333",156,636,244,722,771,733,78,3340,540
"334","N21000334",103,850,713,227,841,701,195,3630,657
"335","N21000335",58,682,748,303,670,684,215,3360,553
"336","N21000336",116,512,520,235,459,698,205,2745,331
"337","N21000337",606,540,258,368,175,604,669,3220,499
"338","N21000338",208,595,444,283,558,605,591,3284,521
"339","N21000339",400,376,214,311,205,606,773,2885,376
"340","N21000340",165,599,278,46,434,811,817,3150,479
"341","N21000341",185,488,544,210,501,792,762,3482,602
"342","N21000342",486,432,196,246,209,679,823,3071,452
"343","N21000343",774,669,758,496,419,266,798,4180,777
"344","N21000344",758,755,723,819,710,504,735,5004,850
"345","N21000345",803,571,173,703,596,562,525,3933,728
"346","N21000346",57,306,261,25,416,665,524,2254,172
"347","N21000347",449,833,779,535,750,812,616,4774,844
"348","N21000348",459,444,6,354,320,458,607,2648,295
"349","N21000349",685,507,621,501,263,334,479,3390,561
"350","N21000350",840,186,135,814,415,700,676,3766,693
"351","N21000351",604,393,125,473,392,630,775,3392,563
"352","N21000352",478,543,375,363,497,526,778,3560,635
"353","N21000353",601,497,326,421,319,613,752,3529,620
"354","N21000354",643,261,483,513,178,527,744,3349,547
"355","N21000355",731,743,759,532,660,797,589,4811,846
"356","N21000356",320,340,604,57,171,761,622,2875,370
"357","N21000357",251,568,456,292,615,638,564,3384,559
"358","N21000358",247,830,816,252,823,833,464,4265,791
"359","N21000359",705,168,763,699,81,450,546,3412,572
"360","N21000360",130,741,387,142,687,737,311,3135,471
"361","N21000361",775,692,845,828,650,748,235,4773,843
"362","N21000362",704,761,632,591,624,682,332,4326,798
"363","N21000363",425,567,296,515,492,496,603,3394,567
"364","N21000364",405,772,577,702,786,634,442,4318,797
"365","N21000365",822,383,460,764,111,476,649,3665,668
"366","N21000366",599,378,662,603,179,481,637,3539,627
"367","N21000367",152,323,305,63,362,555,448,2208,157
"368","N21000368",812,565,162,795,393,743,705,4175,775
"369","N21000369",825,484,815,842,553,816,376,4711,837
"370","N21000370",743,807,51,717,740,808,216,4082,760
"371","N21000371",698,616,353,714,681,765,444,4271,792
"372","N21000372",607,153,65,509,225,483,721,2763,342
"373","N21000373",792,101,239,748,252,649,390,3171,487
"374","N21000374",612,138,334,825,606,553,387,3455,596
"375","N21000375",790,47,248,689,163,93,599,2629,292
"376","N21000376",761,481,209,728,326,616,656,3777,696
"377","N21000377",755,482,804,561,361,469,682,4114,763
"378","N21000378",536,638,727,394,548,662,770,4275,793
"379","N21000379",509,278,648,237,340,668,610,3290,524
"380","N21000380",765,574,722,770,669,706,658,4864,848
"381","N21000381",594,435,703,545,366,766,749,4158,771
"382","N21000382",442,617,651,256,608,712,626,3912,724
"383","N21000383",784,268,289,694,376,478,819,3708,684
"384","N21000384",297,379,229,188,400,461,715,2669,303
"385","N21000385",609,192,615,434,371,462,647,3330,536
"386","N21000386",383,493,697,317,461,435,717,3503,612
"387","N21000387",339,604,543,457,509,729,318,3499,609
"388","N21000388",819,445,657,590,232,320,726,3789,700
"389","N21000389",617,818,835,765,738,582,405,4760,842
"390","N21000390",649,688,812,690,623,485,736,4683,835
"391","N21000391",174,417,249,70,208,348,696,2162,150
"392","N21000392",477,297,57,290,195,293,832,2441,243
"393","N21000393",239,455,259,167,395,344,734,2593,280
"394","N21000394",333,656,622,432,489,520,774,3826,706
"395","N21000395",523,483,213,238,275,419,737,2888,381
"396","N21000396",304,653,187,334,579,284,634,2975,411
"397","N21000397",396,747,554,480,753,758,4,3692,679
"398","N21000398",633,626,785,723,639,724,68,4198,782
"399","N21000399",725,777,309,843,794,845,260,4553,826
"400","N21000400",27,815,811,14,847,824,172,3510,614
"401","N21000401",256,753,609,578,765,826,191,3978,742
"402","N21000402",356,804,776,718,811,839,185,4489,816
"403","N21000403",232,610,642,815,707,844,447,4297,795
"404","N21000404",91,181,147,148,335,783,594,2279,186
"405","N21000405",228,643,561,307,744,727,19,3229,502
"406","N21000406",846,141,728,801,348,89,252,3205,498
"407","N21000407",23,683,818,26,834,791,220,3395,568
"408","N21000408",445,227,290,778,645,488,13,2886,377
"409","N21000409",549,231,426,599,77,227,29,2138,143
"410","N21000410",327,263,469,845,689,841,104,3538,625
"411","N21000411",395,408,450,727,542,807,1,3330,537
"412","N21000412",291,66,508,103,75,80,246,1369,29
"413","N21000413",2,662,740,1,850,827,23,3105,466
"414","N21000414",46,102,58,18,220,529,80,1053,13
"415","N21000415",154,457,570,94,659,519,160,2613,290
"416","N21000416",9,618,795,2,845,723,275,3267,517
"417","N21000417",243,792,827,164,832,800,689,4347,803
"418","N21000418",145,797,768,278,826,817,268,3899,720
"419","N21000419",634,84,273,584,487,223,5,2290,191
"420","N21000420",366,189,568,372,504,561,99,2659,298
"421","N21000421",436,713,482,249,741,697,369,3687,677
"422","N21000422",610,722,548,514,671,572,393,4030,748
"423","N21000423",776,63,365,508,381,416,478,2987,415
"424","N21000424",577,773,476,588,789,425,313,3941,731
"425","N21000425",42,147,461,45,155,315,331,1496,42
"426","N21000426",528,424,569,481,602,323,109,3036,443
"427","N21000427",262,676,650,666,682,802,63,3801,701
"428","N21000428",830,524,393,678,168,288,226,3107,467
"429","N21000429",352,686,91,506,642,756,123,3156,480
"430","N21000430",146,119,92,127,97,500,208,1289,23
"431","N21000431",565,191,411,524,545,280,85,2601,285
"432","N21000432",488,361,246,493,356,499,443,2886,378
"433","N21000433",51,194,545,348,372,731,103,2344,211
"434","N21000434",52,632,715,51,722,725,176,3073,455
"435","N21000435",60,640,708,35,702,505,514,3164,484
"436","N21000436",44,550,596,37,661,762,547,3197,491
"437","N21000437",625,498,219,540,620,436,494,3432,583
"438","N21000438",128,115,231,32,265,404,377,1552,47
"439","N21000439",511,534,793,380,440,403,545,3606,649
"440","N21000440",516,461,414,258,221,475,555,2900,386
"441","N21000441",307,552,567,183,458,431,373,2871,367
"442","N21000442",608,328,52,485,287,366,542,2668,301
"443","N21000443",481,530,584,399,543,285,475,3297,527
"444","N21000444",176,496,167,36,426,754,833,2888,382
"445","N21000445",473,607,396,253,295,625,693,3342,544
"446","N21000446",432,689,534,424,549,686,730,4044,751
"447","N21000447",215,434,599,34,282,786,708,3058,447
"448","N21000448",513,710,486,809,621,815,602,4556,827
"449","N21000449",315,458,688,406,198,688,799,3552,631
"450","N21000450",401,811,773,429,781,843,481,4519,822
"451","N21000451",740,740,731,696,709,719,289,4624,831
"452","N21000452",756,463,670,533,35,405,126,2988,417
"453","N21000453",419,606,367,329,396,564,732,3413,573
"454","N21000454",40,437,421,11,186,710,43,1848,89
"455","N21000455",500,684,687,490,616,557,431,3965,736
"456","N21000456",319,687,311,134,486,773,740,3450,591
"457","N21000457",592,665,509,349,529,716,670,4030,749
"458","N21000458",483,802,677,460,728,545,401,4096,761
"459","N21000459",622,708,749,562,580,651,98,3970,740
"460","N21000460",563,555,285,461,214,547,364,2989,418
"461","N21000461",552,701,424,411,304,768,199,3359,552
"462","N21000462",627,475,428,267,37,640,834,3308,533
"463","N21000463",418,467,684,291,332,814,828,3834,709
"464","N21000464",345,578,626,405,480,664,839,3937,729
"465","N21000465",580,649,837,433,555,728,812,4594,830
"466","N21000466",492,526,652,289,352,830,840,3981,743
"467","N21000467",560,478,602,384,450,823,835,4132,769
"468","N21000468",727,367,466,502,216,726,846,3850,711
"469","N21000469",663,469,451,639,457,683,841,4203,783
"470","N21000470",661,401,449,322,306,622,827,3588,640
"471","N21000471",508,335,245,286,49,685,838,2946,400
"472","N21000472",331,292,338,118,331,711,843,2964,405
"473","N21000473",585,394,433,272,59,741,847,3331,538
"474","N21000474",759,339,463,682,67,615,842,3767,694
"475","N21000475",679,723,762,657,684,776,617,4898,849
"476","N21000476",223,453,706,211,456,492,800,3341,542
"477","N21000477",316,385,600,463,502,670,605,3541,628
"478","N21000478",706,642,628,831,676,764,583,4830,847
"479","N21000479",683,208,437,601,337,594,816,3676,671
"480","N21000480",476,372,232,393,324,298,678,2773,346
"481","N21000481",796,436,638,630,453,536,697,4186,779
"482","N21000482",641,588,824,492,451,745,849,4590,829
"483","N21000483",662,395,610,557,412,828,780,4244,789
"484","N21000484",518,549,121,373,149,720,848,3278,518
"485","N21000485",482,622,594,417,604,795,831,4345,802
"486","N21000486",561,438,430,610,386,437,814,3676,672
"487","N21000487",270,369,608,107,94,654,837,2939,399
"488","N21000488",650,546,635,516,520,617,829,4313,796
"489","N21000489",621,318,339,453,148,337,608,2824,354
"490","N21000490",363,620,507,301,460,546,793,3590,641
"491","N21000491",422,449,775,69,105,563,729,3112,468
"492","N21000492",571,719,177,686,656,775,587,4171,774
"493","N21000493",453,451,384,332,157,396,759,2932,398
"494","N21000494",351,312,201,152,71,302,592,1981,106
"495","N21000495",338,473,95,172,499,362,753,2692,314
"496","N21000496",379,381,467,378,467,576,509,3157,482
"497","N21000497",38,788,814,282,822,809,818,4371,806
"498","N21000498",524,591,531,583,544,432,271,3476,601
"499","N21000499",808,694,659,837,583,614,584,4779,845
"500","N21000500",556,581,730,634,577,360,784,4222,785
"501","N21000501",690,504,606,653,518,308,353,3632,658
"502","N21000502",729,173,624,687,131,364,631,3339,539
"503","N21000503",263,573,798,242,527,361,472,3236,506
"504","N21000504",310,403,126,248,213,636,820,2756,339
"505","N21000505",519,373,671,189,255,470,477,2954,403
"506","N21000506",39,265,325,24,294,457,363,1767,79
"507","N21000507",286,295,524,218,251,494,813,2881,375
"508","N21000508",309,253,299,138,290,550,844,2683,310
"509","N21000509",505,220,457,233,141,429,722,2707,321
"510","N21000510",334,440,517,333,397,446,826,3293,525
"511","N21000511",647,307,291,695,465,174,407,2986,414
"512","N21000512",493,205,120,215,357,109,659,2158,149
"513","N21000513",626,73,28,383,21,108,214,1453,36
"514","N21000514",440,109,183,602,420,117,189,2060,123
"515","N21000515",702,61,26,563,384,130,791,2657,297
"516","N21000516",823,76,99,796,477,134,664,3069,451
"517","N21000517",665,204,432,444,80,91,632,2548,267
"518","N21000518",26,131,360,7,342,123,694,1683,67
"519","N21000519",259,310,356,251,165,189,449,1979,105
"520","N21000520",517,200,832,357,100,155,556,2717,327
"521","N21000521",30,27,33,15,47,39,320,511,2
"522","N21000522",36,142,96,53,321,219,505,1372,30
"523","N21000523",123,157,379,92,242,212,452,1657,65
"524","N21000524",628,330,565,644,154,136,543,3000,425
"525","N21000525",63,116,8,43,142,161,439,972,7
"526","N21000526",804,179,163,698,74,100,264,2282,188
"527","N21000527",102,775,754,82,824,275,196,3008,429
"528","N21000528",794,277,282,341,445,96,51,2286,189
"529","N21000529",534,704,822,567,748,331,207,3913,725
"530","N21000530",25,103,35,13,237,244,341,998,9
"531","N21000531",820,554,557,776,293,128,725,3853,712
"532","N21000532",74,433,344,100,590,354,391,2286,190
"533","N21000533",531,655,255,598,691,498,114,3342,545
"534","N21000534",734,572,726,704,657,484,466,4343,801
"535","N21000535",97,785,423,109,837,703,347,3301,530
"536","N21000536",773,673,490,844,806,310,177,4073,759
"537","N21000537",62,487,716,47,589,273,282,2456,244
"538","N21000538",204,600,263,231,721,346,266,2631,293
"539","N21000539",529,74,322,244,123,270,327,1889,93
"540","N21000540",245,39,89,125,78,7,136,719,4
"541","N21000541",695,352,160,618,484,76,111,2496,251
"542","N21000542",742,111,315,430,258,16,383,2255,174
"543","N21000543",821,78,93,572,303,27,415,2309,197
"544","N21000544",233,527,665,585,668,456,279,3413,574
"545","N21000545",645,647,240,763,701,657,394,4047,753
"546","N21000546",708,46,222,392,327,152,701,2548,268
"547","N21000547",390,794,732,407,780,303,11,3417,576
"548","N21000548",469,42,44,366,51,202,458,1632,60
"549","N21000549",684,92,198,361,88,142,468,2033,117
"550","N21000550",681,100,128,487,297,141,406,2240,168
"551","N21000551",582,68,61,450,138,169,280,1748,75
"552","N21000552",415,303,80,208,283,214,560,2063,124
"553","N21000553",572,64,165,472,241,11,276,1801,83
"554","N21000554",543,56,46,541,34,1,302,1523,45
"555","N21000555",579,93,268,558,428,28,270,2224,163
"556","N21000556",692,29,284,646,26,54,378,2109,132
"557","N21000557",92,26,24,31,18,17,370,578,3
"558","N21000558",441,282,777,247,644,18,338,2747,332
"559","N21000559",771,126,13,454,11,25,167,1567,48
"560","N21000560",80,243,439,170,534,61,72,1599,53
"561","N21000561",437,41,474,296,42,57,315,1662,66
"562","N21000562",538,492,158,390,515,119,643,2855,362
"563","N21000563",67,87,253,86,227,69,698,1487,41
"564","N21000564",686,287,153,671,436,111,495,2839,359
"565","N21000565",479,172,134,743,471,158,437,2594,282
"566","N21000566",591,672,130,707,751,369,487,3707,683
"567","N21000567",353,749,571,507,763,198,250,3391,562
"568","N21000568",751,201,241,719,351,85,323,2671,304
"569","N21000569",18,45,141,58,367,37,518,1184,21
"570","N21000570",780,176,210,587,199,46,609,2607,286
"571","N21000571",507,187,42,470,338,29,727,2300,195
"572","N21000572",694,396,313,512,202,247,550,2914,390
"573","N21000573",670,639,623,643,629,163,309,3676,673
"574","N21000574",461,411,337,199,15,479,491,2393,224
"575","N21000575",318,430,188,381,601,552,422,2892,383
"576","N21000576",502,198,22,458,310,60,79,1629,59
"577","N21000577",624,486,109,579,431,55,262,2546,263
"578","N21000578",172,500,151,141,511,58,265,1798,82
"579","N21000579",490,209,345,202,86,256,724,2312,200
"580","N21000580",506,233,404,205,181,205,650,2384,221
"581","N21000581",127,809,801,176,757,718,467,3855,714
"582","N21000582",833,399,154,744,226,52,355,2763,343
"583","N21000583",575,652,718,518,603,609,480,4155,770
"584","N21000584",567,426,794,519,417,149,206,3078,459
"585","N21000585",487,696,391,612,466,543,526,3721,688
"586","N21000586",838,184,157,705,167,281,15,2347,212
"587","N21000587",158,812,218,752,706,680,519,3845,710
"588","N21000588",294,822,519,447,733,803,10,3628,656
"589","N21000589",308,832,478,737,774,763,162,4054,756
"590","N21000590",367,236,88,187,197,64,374,1513,44
"591","N21000591",368,425,189,156,341,286,781,2546,264
"592","N21000592",644,404,320,339,110,510,806,3133,470
"593","N21000593",466,275,215,228,281,399,648,2512,254
"594","N21000594",687,634,498,626,643,238,32,3358,550
"595","N21000595",789,398,180,597,383,257,300,2904,387
"596","N21000596",659,374,306,385,63,387,662,2836,357
"597","N21000597",264,845,745,449,799,752,57,3911,723
"598","N21000598",651,320,385,459,159,324,503,2801,350
"599","N21000599",815,544,145,802,84,643,161,3194,490
"600","N21000600",161,503,518,257,513,265,179,2396,226
"601","N21000601",514,611,501,554,575,371,375,3501,610
"602","N21000602",629,465,503,693,394,471,451,3606,650
"603","N21000603",793,155,66,638,85,365,578,2680,309
"604","N21000604",757,468,805,681,469,248,473,3901,721
"605","N21000605",777,729,661,788,595,443,536,4529,825
"606","N21000606",99,377,373,222,45,204,336,1656,64
"607","N21000607",595,716,752,580,521,548,470,4182,778
"608","N21000608",544,793,760,499,726,667,411,4400,810
"609","N21000609",841,603,739,829,505,351,482,4350,804
"610","N21000610",818,316,171,793,299,333,456,3186,489
"611","N21000611",750,670,698,820,576,530,450,4494,819
"612","N21000612",47,230,536,96,183,153,198,1443,35
"613","N21000613",611,210,454,523,12,373,742,2925,393
"614","N21000614",732,234,448,706,170,237,484,3011,430
"615","N21000615",631,356,87,577,355,271,619,2896,384
"616","N21000616",417,190,53,241,316,235,801,2253,171
"617","N21000617",676,598,192,768,638,216,585,3673,670
"618","N21000618",816,144,359,708,264,201,612,3104,465
"619","N21000619",77,105,362,61,23,94,290,1012,10
"620","N21000620",467,533,560,443,526,151,69,2749,333
"621","N21000621",341,203,203,162,7,166,21,1103,16
"622","N21000622",723,751,673,386,674,188,286,3681,676
"623","N21000623",412,251,380,529,120,116,152,1960,102
"624","N21000624",800,485,580,735,483,72,294,3449,590
"625","N21000625",843,718,849,832,745,299,239,4525,823
"626","N21000626",181,663,831,582,541,409,223,3430,581
"627","N21000627",824,579,619,835,640,415,187,4099,762
"628","N21000628",673,224,3,605,19,314,385,2223,161
"629","N21000629",810,283,250,812,113,2,105,2375,219
"630","N21000630",498,355,409,649,8,71,435,2425,239
"631","N21000631",277,763,667,263,672,681,232,3555,633
"632","N21000632",111,820,720,149,700,659,39,3198,493
"633","N21000633",407,495,364,437,449,180,182,2514,255
"634","N21000634",386,35,72,123,4,9,344,973,8
"635","N21000635",354,671,563,691,698,356,82,3415,575
"636","N21000636",381,82,395,550,540,43,245,2236,166
"637","N21000637",435,589,511,308,442,603,530,3418,577
"638","N21000638",343,407,406,161,344,586,562,2809,351
"639","N21000639",384,359,533,93,289,385,529,2572,272
"640","N21000640",388,334,230,151,169,317,741,2330,205
"641","N21000641",148,140,590,29,314,593,316,2130,141
"642","N21000642",677,758,472,749,673,610,258,4197,781
"643","N21000643",131,472,170,41,403,444,728,2389,223
"644","N21000644",501,624,74,356,464,232,645,2896,385
"645","N21000645",268,284,459,136,106,309,771,2333,206
"646","N21000646",398,470,479,225,533,655,297,3057,446
"647","N21000647",515,319,300,305,87,172,699,2397,227
"648","N21000648",184,511,829,117,485,278,623,3027,440
"649","N21000649",199,447,425,72,259,487,595,2484,249
"650","N21000650",474,289,327,143,245,231,731,2440,242
"651","N21000651",530,547,597,629,531,321,203,3358,551
"652","N21000652",188,727,620,350,716,565,269,3435,585
"653","N21000653",235,122,275,179,161,422,292,1686,68
"654","N21000654",269,491,434,171,146,363,789,2663,299
"655","N21000655",236,392,572,97,36,336,758,2427,240
"656","N21000656",171,576,216,77,382,558,596,2576,274
"657","N21000657",183,382,526,73,210,192,845,2411,232
"658","N21000658",258,519,105,108,70,650,836,2546,265
"659","N21000659",636,545,302,377,421,426,521,3228,501
"660","N21000660",206,779,374,641,686,408,548,3642,661
"661","N21000661",465,489,308,229,224,243,709,2667,300
"662","N21000662",207,514,202,91,379,411,796,2600,284
"663","N21000663",328,745,422,522,622,240,739,3618,653
"664","N21000664",748,557,319,607,343,382,824,3780,697
"665","N21000665",113,564,618,79,359,258,779,2770,344
"666","N21000666",163,442,45,76,143,713,821,2403,230
"667","N21000667",216,558,257,224,399,801,776,3231,503
"668","N21000668",231,584,464,60,300,607,786,3032,441
"669","N21000669",484,346,293,300,147,442,719,2731,329
"670","N21000670",225,627,351,155,463,355,582,2758,341
"671","N21000671",137,267,140,49,118,518,767,1996,109
"672","N21000672",359,490,397,112,229,629,768,2984,413
"673","N21000673",114,423,410,30,336,512,497,2322,203
"674","N21000674",336,338,185,269,410,491,690,2719,328
"675","N21000675",202,736,644,408,746,782,345,3863,717
"676","N21000676",118,559,104,99,582,326,515,2303,196
"677","N21000677",193,621,786,169,482,521,654,3426,579
"678","N21000678",112,834,252,798,777,294,586,3653,664
"679","N21000679",147,391,133,33,406,350,620,2080,128
"680","N21000680",110,691,810,185,347,75,496,2714,325
"681","N21000681",197,778,69,265,724,464,757,3254,512
"682","N21000682",402,266,343,226,156,493,653,2539,259
"683","N21000683",499,650,94,423,476,179,646,2967,408
"684","N21000684",98,291,36,175,405,515,754,2274,185
"685","N21000685",335,342,301,66,137,535,787,2503,252
"686","N21000686",329,285,741,260,353,407,541,2916,391
"687","N21000687",242,476,333,62,211,632,756,2712,323
"688","N21000688",200,304,627,264,408,757,807,3367,554
"689","N21000689",284,254,399,153,268,569,822,2749,334
"690","N21000690",271,366,272,56,96,533,651,2245,169
"691","N21000691",578,594,401,382,318,506,745,3524,618
"692","N21000692",472,522,420,306,514,601,680,3515,616
"693","N21000693",550,737,438,651,592,448,368,3784,698
"694","N21000694",380,380,168,203,253,778,788,2950,402
"695","N21000695",178,601,440,88,552,836,790,3485,607
"696","N21000696",105,225,271,67,391,538,614,2211,158
"697","N21000697",162,709,769,207,697,663,782,3989,744
"698","N21000698",462,536,694,288,507,739,733,3959,735
"699","N21000699",196,185,108,38,204,804,808,2343,210
"700","N21000700",192,337,495,23,201,846,606,2700,318
"701","N21000701",194,370,408,90,187,848,674,2771,345
"702","N21000702",136,347,780,154,557,847,579,3400,570
"703","N21000703",275,421,631,110,409,850,761,3457,597
"704","N21000704",195,219,582,160,228,842,850,3076,458
"705","N21000705",314,645,605,431,666,849,91,3601,647
"706","N21000706",411,596,416,462,546,507,635,3573,636
"707","N21000707",392,151,122,230,315,417,571,2198,155
"708","N21000708",540,750,445,621,683,599,809,4447,815
"709","N21000709",456,96,846,124,16,234,611,2383,220
"710","N21000710",241,660,738,672,732,735,795,4573,828
"711","N21000711",49,668,710,74,767,744,803,3815,703
"712","N21000712",598,609,119,632,494,631,804,3887,719
"713","N21000713",496,765,629,688,715,669,695,4657,833
"714","N21000714",574,577,660,505,556,508,629,4009,747
"715","N21000715",218,117,279,147,277,704,577,2319,201
"716","N21000716",283,539,485,420,418,608,639,3392,564
"717","N21000717",389,276,417,204,145,771,764,2966,407
"718","N21000718",164,354,431,165,468,777,810,3169,486
"719","N21000719",254,245,152,121,164,693,681,2310,198
"720","N21000720",150,259,336,39,13,661,666,2124,139
"721","N21000721",167,239,266,42,284,618,657,2273,184
"722","N21000722",81,309,382,19,470,781,672,2714,326
"723","N21000723",107,260,111,28,349,542,429,1826,87
"724","N21000724",274,94,110,50,76,389,613,1606,56
"725","N21000725",189,139,370,52,114,579,400,1843,88
"726","N21000726",217,296,361,184,508,549,446,2561,271
"727","N21000727",671,69,48,404,196,482,386,2256,176
"728","N21000728",699,529,797,753,587,730,590,4685,836
"729","N21000729",710,249,207,628,478,648,333,3253,511
"730","N21000730",378,215,473,194,364,591,692,2907,389
"731","N21000731",246,738,830,285,782,709,531,4121,766
"732","N21000732",768,67,235,483,129,621,628,2931,396
"733","N21000733",802,415,735,772,528,539,604,4395,807
"734","N21000734",754,124,435,589,109,330,830,3171,488
"735","N21000735",480,175,480,191,50,678,723,2777,347
"736","N21000736",527,331,221,219,91,699,558,2646,294
"737","N21000737",424,515,515,425,441,794,460,3574,637
"738","N21000738",300,327,717,181,296,753,667,3241,507
"739","N21000739",454,193,765,220,124,598,299,2653,296
"740","N21000740",289,420,76,157,177,568,565,2252,170
"741","N21000741",489,711,778,115,570,747,395,3805,702
"742","N21000742",615,661,294,569,538,375,661,3713,685
"743","N21000743",678,214,335,412,298,250,568,2755,338
"744","N21000744",175,625,281,128,503,412,469,2593,281
"745","N21000745",404,213,686,192,185,439,624,2743,330
"746","N21000746",279,136,556,163,57,401,688,2280,187
"747","N21000747",332,272,471,182,153,717,627,2754,336
"748","N21000748",261,459,489,353,407,503,811,3283,520
"749","N21000749",444,345,826,80,377,633,549,3254,513
"750","N21000750",510,242,191,435,493,691,640,3202,495
"751","N21000751",190,477,634,271,564,335,668,3139,473
"752","N21000752",448,95,64,538,346,229,825,2545,262
"753","N21000753",689,110,354,413,369,171,751,2857,363
"754","N21000754",738,169,838,536,14,300,746,3341,543
"755","N21000755",707,348,32,586,427,332,455,2887,380
"756","N21000756",586,182,262,387,182,228,575,2402,228
"757","N21000757",504,628,542,528,677,575,483,3937,730
"758","N21000758",616,406,332,415,398,554,539,3260,516
"759","N21000759",512,548,378,555,588,516,412,3509,613
"760","N21000760",429,324,317,243,448,245,621,2627,291
"761","N21000761",494,97,136,275,246,260,707,2215,160
"762","N21000762",640,143,493,564,328,316,748,3232,504
"763","N21000763",620,137,725,416,285,65,766,3014,434
"764","N21000764",296,216,585,250,260,295,321,2223,162
"765","N21000765",471,707,833,625,713,592,424,4365,805
"766","N21000766",142,350,836,40,313,509,508,2698,316
"767","N21000767",65,791,825,135,766,573,298,3453,595
"768","N21000768",655,294,603,337,162,574,802,3427,580
"769","N21000769",590,648,737,323,648,577,713,4236,788
"770","N21000770",468,471,283,299,433,674,815,3443,588
"771","N21000771",807,238,30,739,270,410,517,3011,431
"772","N21000772",728,786,497,637,813,454,576,4491,817
"773","N21000773",693,520,70,511,411,254,366,2825,355
"774","N21000774",713,98,25,656,271,242,382,2387,222
"775","N21000775",782,146,90,595,151,221,434,2419,237
"776","N21000776",783,106,159,668,193,296,675,2880,374
"777","N21000777",211,246,355,276,390,215,430,2123,138
"778","N21000778",715,167,112,478,274,282,520,2548,269
"779","N21000779",770,81,525,526,52,222,522,2698,317
"780","N21000780",638,223,358,327,28,190,138,1902,95
"781","N21000781",703,129,123,673,194,146,329,2297,192
"782","N21000782",66,314,389,87,56,262,157,1331,26
"783","N21000783",817,274,546,642,236,225,642,3382,558
"784","N21000784",133,759,770,83,785,759,228,3517,617
"785","N21000785",811,441,477,738,121,312,87,2987,416
"786","N21000786",71,619,521,85,610,297,229,2432,241
"787","N21000787",767,705,692,823,739,788,146,4660,834
"788","N21000788",573,728,736,570,649,413,119,3788,699
"789","N21000789",675,680,481,731,598,597,287,4049,754
"790","N21000790",764,195,640,527,112,445,330,3013,433
"791","N21000791",646,799,669,613,796,588,175,4286,794
"792","N21000792",427,427,419,375,626,611,73,2958,404
"793","N21000793",654,752,656,783,699,770,125,4439,814
"794","N21000794",288,806,807,295,803,806,52,3857,715
"795","N21000795",827,23,47,549,29,59,636,2170,152
"796","N21000796",850,127,11,833,401,41,686,2949,401
"797","N21000797",762,114,465,324,584,34,706,2989,419
"798","N21000798",826,32,16,604,79,105,703,2365,215
"799","N21000799",813,49,10,596,358,92,493,2411,233
"800","N21000800",766,90,841,548,152,184,513,3094,463
"801","N21000801",31,85,56,75,127,372,371,1117,17
"802","N21000802",730,165,328,817,627,353,124,3144,475
"803","N21000803",420,196,704,195,429,501,267,2712,324
"804","N21000804",791,34,491,401,30,206,121,2074,125
"805","N21000805",238,602,679,347,720,658,339,3583,639
"806","N21000806",835,70,819,633,249,156,490,3252,510
"807","N21000807",847,159,256,808,93,170,641,2974,410
"808","N21000808",845,270,392,755,218,207,67,2754,337
"809","N21000809",674,322,678,725,490,304,485,3678,674
"810","N21000810",739,273,516,627,435,203,306,3099,464
"811","N21000811",431,410,427,713,365,537,537,3420,578
"812","N21000812",701,480,254,559,387,460,532,3373,557
"813","N21000813",168,795,789,254,801,581,170,3558,634
"814","N21000814",222,389,310,352,128,406,453,2260,179
"815","N21000815",717,48,504,761,92,392,489,3003,426
"816","N21000816",814,120,376,647,443,150,534,3084,462
"817","N21000817",455,166,799,834,425,502,785,3966,738
"818","N21000818",834,54,106,650,189,157,516,2506,253
"819","N21000819",746,53,512,611,235,186,533,2876,371
"820","N21000820",842,305,756,839,566,391,633,4332,799
"821","N21000821",839,107,581,683,40,246,95,2591,278
"822","N21000822",778,523,848,774,637,398,438,4396,808
"823","N21000823",786,178,539,581,272,379,337,3072,453
"824","N21000824",226,784,783,397,795,642,417,4044,752
"825","N21000825",155,715,750,318,768,696,365,3767,695
"826","N21000826",35,613,842,313,809,463,408,3483,604
"827","N21000827",101,160,340,131,223,418,324,1697,69
"828","N21000828",19,158,19,12,474,423,307,1412,33
"829","N21000829",849,329,174,821,495,177,638,3483,605
"830","N21000830",832,221,363,614,25,140,416,2611,289
"831","N21000831",836,77,220,751,24,307,598,2813,353
"832","N21000832",837,250,7,663,479,63,242,2541,260
"833","N21000833",844,371,146,790,312,249,588,3300,529
"834","N21000834",831,108,277,679,9,77,317,2298,193
"835","N21000835",428,258,402,370,53,131,291,1933,99
"836","N21000836",214,132,274,133,68,148,360,1329,25
"837","N21000837",787,585,233,794,695,473,409,3976,741
"838","N21000838",736,248,175,498,308,441,180,2586,277
"839","N21000839",603,587,588,355,510,534,566,3743,691
"840","N21000840",657,336,169,661,44,390,500,2757,340
"841","N21000841",799,240,149,715,207,370,535,3015,435
"842","N21000842",721,448,212,640,438,451,523,3433,584
"843","N21000843",711,612,371,620,563,672,679,4228,786
"844","N21000844",726,629,680,710,573,687,501,4506,820
"845","N21000845",630,561,630,475,160,567,572,3595,644
"846","N21000846",558,418,541,451,280,541,663,3452,593
"847","N21000847",589,693,538,418,404,639,677,3958,734
"848","N21000848",605,387,573,446,301,433,738,3483,606
"849","N21000849",619,252,441,452,257,495,777,3293,526
"850","N21000850",632,541,470,660,599,357,397,3656,665
